-- MySQL dump 10.16  Distrib 10.3.9-MariaDB, for debian-linux-gnu (x86_64)
--
-- Host: localhost    Database: rap
-- ------------------------------------------------------
-- Server version	10.3.9-MariaDB-1:10.3.9+maria~bionic

/*!40101 SET @OLD_CHARACTER_SET_CLIENT=@@CHARACTER_SET_CLIENT */;
/*!40101 SET @OLD_CHARACTER_SET_RESULTS=@@CHARACTER_SET_RESULTS */;
/*!40101 SET @OLD_COLLATION_CONNECTION=@@COLLATION_CONNECTION */;
/*!40101 SET NAMES utf8 */;
/*!40103 SET @OLD_TIME_ZONE=@@TIME_ZONE */;
/*!40103 SET TIME_ZONE='+00:00' */;
/*!40014 SET @OLD_UNIQUE_CHECKS=@@UNIQUE_CHECKS, UNIQUE_CHECKS=0 */;
/*!40014 SET @OLD_FOREIGN_KEY_CHECKS=@@FOREIGN_KEY_CHECKS, FOREIGN_KEY_CHECKS=0 */;
/*!40101 SET @OLD_SQL_MODE=@@SQL_MODE, SQL_MODE='NO_AUTO_VALUE_ON_ZERO' */;
/*!40111 SET @OLD_SQL_NOTES=@@SQL_NOTES, SQL_NOTES=0 */;

--
-- Table structure for table `RAP_DICT_TYPE`
--

DROP TABLE IF EXISTS `RAP_DICT_TYPE`;
/*!40101 SET @saved_cs_client     = @@character_set_client */;
/*!40101 SET character_set_client = utf8 */;
CREATE TABLE `RAP_DICT_TYPE` (
  `DICT_TYPE_ID` int(11) NOT NULL AUTO_INCREMENT COMMENT '主键',
  `NAME` varchar(40) NOT NULL COMMENT '分类名称',
  `CODE` varchar(40) NOT NULL COMMENT '分类代码',
  `MEMO` varchar(400) DEFAULT NULL COMMENT '备注',
  `CREATED_BY` int(11) DEFAULT NULL COMMENT 'CREATED_BY',
  `CREATION_DATE` datetime DEFAULT NULL COMMENT 'CREATION_DATE',
  `LAST_UPDATE_DATE` datetime DEFAULT NULL COMMENT 'LAST_UPDATE_DATE',
  `LAST_UPDATED_BY` int(11) DEFAULT NULL COMMENT 'LAST_UPDATED_BY',
  PRIMARY KEY (`DICT_TYPE_ID`),
  KEY `AK_RAP_DICT_TYPE_CODE` (`CODE`)
) ENGINE=InnoDB DEFAULT CHARSET=utf8 COMMENT='字典分类';
/*!40101 SET character_set_client = @saved_cs_client */;

--
-- Dumping data for table `RAP_DICT_TYPE`
--

LOCK TABLES `RAP_DICT_TYPE` WRITE;
/*!40000 ALTER TABLE `RAP_DICT_TYPE` DISABLE KEYS */;
/*!40000 ALTER TABLE `RAP_DICT_TYPE` ENABLE KEYS */;
UNLOCK TABLES;

--
-- Table structure for table `RAP_DICT_VALUE`
--

DROP TABLE IF EXISTS `RAP_DICT_VALUE`;
/*!40101 SET @saved_cs_client     = @@character_set_client */;
/*!40101 SET character_set_client = utf8 */;
CREATE TABLE `RAP_DICT_VALUE` (
  `DICT_VALUE_ID` int(11) NOT NULL AUTO_INCREMENT COMMENT '主键',
  `DICT_TYPE_ID` int(11) DEFAULT NULL COMMENT '主键2',
  `CODE` varchar(400) NOT NULL COMMENT '代码',
  `VALUE` varchar(400) NOT NULL COMMENT '值',
  `CREATED_BY` int(11) DEFAULT NULL COMMENT 'CREATED_BY',
  `CREATION_DATE` datetime DEFAULT NULL COMMENT 'CREATION_DATE',
  `LAST_UPDATE_DATE` datetime DEFAULT NULL COMMENT 'LAST_UPDATE_DATE',
  `LAST_UPDATED_BY` int(11) DEFAULT NULL COMMENT 'LAST_UPDATED_BY',
  `MEMO` varchar(400) DEFAULT NULL COMMENT '备注',
  PRIMARY KEY (`DICT_VALUE_ID`),
  KEY `AK_RAP_DICT_VALUE_CODE` (`DICT_VALUE_ID`,`CODE`)
) ENGINE=InnoDB DEFAULT CHARSET=utf8 COMMENT='字典值';
/*!40101 SET character_set_client = @saved_cs_client */;

--
-- Dumping data for table `RAP_DICT_VALUE`
--

LOCK TABLES `RAP_DICT_VALUE` WRITE;
/*!40000 ALTER TABLE `RAP_DICT_VALUE` DISABLE KEYS */;
/*!40000 ALTER TABLE `RAP_DICT_VALUE` ENABLE KEYS */;
UNLOCK TABLES;

--
-- Table structure for table `RAP_LOV`
--

DROP TABLE IF EXISTS `RAP_LOV`;
/*!40101 SET @saved_cs_client     = @@character_set_client */;
/*!40101 SET character_set_client = utf8 */;
CREATE TABLE `RAP_LOV` (
  `LOV_CODE` varchar(200) NOT NULL COMMENT '代码',
  `LOV_NAME` varchar(200) NOT NULL COMMENT '名称',
  `LOV_SQL` text DEFAULT NULL COMMENT 'SQL',
  `CREATED_BY` int(11) DEFAULT NULL COMMENT 'CREATED_BY',
  `CREATION_DATE` datetime DEFAULT NULL COMMENT 'CREATION_DATE',
  `LAST_UPDATE_DATE` datetime DEFAULT NULL COMMENT 'LAST_UPDATE_DATE',
  `LAST_UPDATED_BY` int(11) DEFAULT NULL COMMENT 'LAST_UPDATED_BY',
  PRIMARY KEY (`LOV_CODE`)
) ENGINE=InnoDB DEFAULT CHARSET=utf8 COMMENT='值列表';
/*!40101 SET character_set_client = @saved_cs_client */;

--
-- Dumping data for table `RAP_LOV`
--

LOCK TABLES `RAP_LOV` WRITE;
/*!40000 ALTER TABLE `RAP_LOV` DISABLE KEYS */;
INSERT INTO `RAP_LOV` VALUES ('rapUserLov','用户LOV',NULL,200,'2018-10-12 00:00:00','2018-10-12 00:00:00',100);
/*!40000 ALTER TABLE `RAP_LOV` ENABLE KEYS */;
UNLOCK TABLES;

--
-- Table structure for table `RAP_META_APP`
--

DROP TABLE IF EXISTS `RAP_META_APP`;
/*!40101 SET @saved_cs_client     = @@character_set_client */;
/*!40101 SET character_set_client = utf8 */;
CREATE TABLE `RAP_META_APP` (
  `APP_ID` int(11) NOT NULL COMMENT '应用程序主键',
  `APP_NAME` varchar(40) NOT NULL COMMENT '应用程序名称',
  `APP_CODE` varchar(40) NOT NULL COMMENT '应用程序代码',
  `CREATED_BY` int(11) DEFAULT NULL COMMENT 'CREATED_BY',
  `CREATION_DATE` datetime DEFAULT NULL COMMENT 'CREATION_DATE',
  `LAST_UPDATE_DATE` datetime DEFAULT NULL COMMENT 'LAST_UPDATE_DATE',
  `LAST_UPDATED_BY` int(11) DEFAULT NULL COMMENT 'LAST_UPDATED_BY',
  PRIMARY KEY (`APP_ID`)
) ENGINE=InnoDB DEFAULT CHARSET=utf8 COMMENT='应用程序';
/*!40101 SET character_set_client = @saved_cs_client */;

--
-- Dumping data for table `RAP_META_APP`
--

LOCK TABLES `RAP_META_APP` WRITE;
/*!40000 ALTER TABLE `RAP_META_APP` DISABLE KEYS */;
INSERT INTO `RAP_META_APP` VALUES (1,'系统管理','RAP_SYS',NULL,NULL,NULL,NULL);
/*!40000 ALTER TABLE `RAP_META_APP` ENABLE KEYS */;
UNLOCK TABLES;

--
-- Table structure for table `RAP_META_MODEL`
--

DROP TABLE IF EXISTS `RAP_META_MODEL`;
/*!40101 SET @saved_cs_client     = @@character_set_client */;
/*!40101 SET character_set_client = utf8 */;
CREATE TABLE `RAP_META_MODEL` (
  `MODEL_ID` int(11) NOT NULL AUTO_INCREMENT COMMENT '模型主键',
  `FIELD_ID` int(11) DEFAULT NULL COMMENT '视图对象字段主键',
  `APP_ID` int(11) DEFAULT NULL COMMENT '应用程序主键',
  `MODEL_NAME` varchar(200) NOT NULL COMMENT '模型名称',
  `MODEL_CODE` varchar(200) NOT NULL COMMENT '模型代码',
  `CREATED_BY` int(11) DEFAULT NULL COMMENT 'CREATED_BY',
  `CREATION_DATE` datetime DEFAULT NULL COMMENT 'CREATION_DATE',
  `LAST_UPDATE_DATE` datetime DEFAULT NULL COMMENT 'LAST_UPDATE_DATE',
  `LAST_UPDATED_BY` int(11) DEFAULT NULL COMMENT 'LAST_UPDATED_BY',
  PRIMARY KEY (`MODEL_ID`)
) ENGINE=InnoDB AUTO_INCREMENT=2 DEFAULT CHARSET=utf8 COMMENT='模型对象';
/*!40101 SET character_set_client = @saved_cs_client */;

--
-- Dumping data for table `RAP_META_MODEL`
--

LOCK TABLES `RAP_META_MODEL` WRITE;
/*!40000 ALTER TABLE `RAP_META_MODEL` DISABLE KEYS */;
INSERT INTO `RAP_META_MODEL` VALUES (1,NULL,1,'值列表','RAP_LOV',NULL,NULL,NULL,NULL);
/*!40000 ALTER TABLE `RAP_META_MODEL` ENABLE KEYS */;
UNLOCK TABLES;

--
-- Table structure for table `RAP_META_MODEL_OBJECT`
--

DROP TABLE IF EXISTS `RAP_META_MODEL_OBJECT`;
/*!40101 SET @saved_cs_client     = @@character_set_client */;
/*!40101 SET character_set_client = utf8 */;
CREATE TABLE `RAP_META_MODEL_OBJECT` (
  `VIEW_OBJECT_ID` int(11) NOT NULL COMMENT '视图对象主键',
  `MODEL_ID` int(11) NOT NULL COMMENT '模型主键',
  `VIEW_TYPE` varchar(20) DEFAULT NULL COMMENT '主或从',
  `UPDATABLE` varchar(10) DEFAULT NULL COMMENT '可更新',
  `DELETABLE` varchar(10) DEFAULT NULL COMMENT '可删除',
  `CREATABLE` varchar(10) DEFAULT NULL COMMENT '可创建',
  `REL_FIELD_ID` decimal(8,0) DEFAULT NULL COMMENT '子表与主表的关联字段',
  `VIEW_ALIAS` varchar(40) DEFAULT NULL,
  PRIMARY KEY (`VIEW_OBJECT_ID`,`MODEL_ID`)
) ENGINE=InnoDB DEFAULT CHARSET=utf8 COMMENT='模型视图对象';
/*!40101 SET character_set_client = @saved_cs_client */;

--
-- Dumping data for table `RAP_META_MODEL_OBJECT`
--

LOCK TABLES `RAP_META_MODEL_OBJECT` WRITE;
/*!40000 ALTER TABLE `RAP_META_MODEL_OBJECT` DISABLE KEYS */;
INSERT INTO `RAP_META_MODEL_OBJECT` VALUES (1,1,'MAIN','Y','Y','Y',NULL,NULL);
/*!40000 ALTER TABLE `RAP_META_MODEL_OBJECT` ENABLE KEYS */;
UNLOCK TABLES;

--
-- Table structure for table `RAP_META_MODEL_STATUS`
--

DROP TABLE IF EXISTS `RAP_META_MODEL_STATUS`;
/*!40101 SET @saved_cs_client     = @@character_set_client */;
/*!40101 SET character_set_client = utf8 */;
CREATE TABLE `RAP_META_MODEL_STATUS` (
  `MODEL_STATUS_ID` int(11) NOT NULL AUTO_INCREMENT COMMENT '视图状态主键',
  `MODEL_ID` int(11) DEFAULT NULL COMMENT '模型主键',
  `STATUS_CODE` varchar(200) DEFAULT NULL COMMENT '状态代码',
  `DEFAULT_STATUS` varchar(40) DEFAULT NULL COMMENT '默认状态',
  `CREATED_BY` int(11) DEFAULT NULL COMMENT 'CREATED_BY',
  `CREATION_DATE` datetime DEFAULT NULL COMMENT 'CREATION_DATE',
  `LAST_UPDATE_DATE` datetime DEFAULT NULL COMMENT 'LAST_UPDATE_DATE',
  `LAST_UPDATED_BY` int(11) DEFAULT NULL COMMENT 'LAST_UPDATED_BY',
  PRIMARY KEY (`MODEL_STATUS_ID`)
) ENGINE=InnoDB DEFAULT CHARSET=utf8 COMMENT='模型状态';
/*!40101 SET character_set_client = @saved_cs_client */;

--
-- Dumping data for table `RAP_META_MODEL_STATUS`
--

LOCK TABLES `RAP_META_MODEL_STATUS` WRITE;
/*!40000 ALTER TABLE `RAP_META_MODEL_STATUS` DISABLE KEYS */;
/*!40000 ALTER TABLE `RAP_META_MODEL_STATUS` ENABLE KEYS */;
UNLOCK TABLES;

--
-- Table structure for table `RAP_META_MODEL_STATUS_FIELD`
--

DROP TABLE IF EXISTS `RAP_META_MODEL_STATUS_FIELD`;
/*!40101 SET @saved_cs_client     = @@character_set_client */;
/*!40101 SET character_set_client = utf8 */;
CREATE TABLE `RAP_META_MODEL_STATUS_FIELD` (
  `MODEL_STATUS_ID` int(11) NOT NULL AUTO_INCREMENT COMMENT '视图状态主键',
  `FIELD_ID` int(11) NOT NULL COMMENT '视图对象字段主键',
  `HIDDEN` varchar(20) DEFAULT NULL COMMENT '隐藏',
  `READONLY` varchar(20) DEFAULT NULL COMMENT '只读',
  `REQUIRED` varchar(20) DEFAULT NULL COMMENT '必填',
  `CREATED_BY` int(11) DEFAULT NULL COMMENT 'CREATED_BY',
  `CREATION_DATE` datetime DEFAULT NULL COMMENT 'CREATION_DATE',
  `LAST_UPDATE_DATE` datetime DEFAULT NULL COMMENT 'LAST_UPDATE_DATE',
  `LAST_UPDATED_BY` int(11) DEFAULT NULL COMMENT 'LAST_UPDATED_BY',
  PRIMARY KEY (`MODEL_STATUS_ID`,`FIELD_ID`)
) ENGINE=InnoDB DEFAULT CHARSET=utf8 COMMENT='模型状态字段';
/*!40101 SET character_set_client = @saved_cs_client */;

--
-- Dumping data for table `RAP_META_MODEL_STATUS_FIELD`
--

LOCK TABLES `RAP_META_MODEL_STATUS_FIELD` WRITE;
/*!40000 ALTER TABLE `RAP_META_MODEL_STATUS_FIELD` DISABLE KEYS */;
/*!40000 ALTER TABLE `RAP_META_MODEL_STATUS_FIELD` ENABLE KEYS */;
UNLOCK TABLES;

--
-- Table structure for table `RAP_META_PAGE`
--

DROP TABLE IF EXISTS `RAP_META_PAGE`;
/*!40101 SET @saved_cs_client     = @@character_set_client */;
/*!40101 SET character_set_client = utf8 */;
CREATE TABLE `RAP_META_PAGE` (
  `PAGE_ID` int(11) NOT NULL AUTO_INCREMENT COMMENT '页面主键',
  `MODEL_ID` int(11) DEFAULT NULL COMMENT '模型主键',
  `PAGE_NAME` varchar(200) NOT NULL COMMENT '页面名称',
  `PAGE_CODE` varchar(200) NOT NULL COMMENT '页面代码',
  `PAGE_TYPE` varchar(20) DEFAULT NULL COMMENT '页面类型',
  `FILE_PATH` varchar(400) DEFAULT NULL COMMENT '页面文件路径',
  `CREATED_BY` int(11) DEFAULT NULL COMMENT 'CREATED_BY',
  `CREATION_DATE` datetime DEFAULT NULL COMMENT 'CREATION_DATE',
  `LAST_UPDATE_DATE` datetime DEFAULT NULL COMMENT 'LAST_UPDATE_DATE',
  `LAST_UPDATED_BY` int(11) DEFAULT NULL COMMENT 'LAST_UPDATED_BY',
  PRIMARY KEY (`PAGE_ID`)
) ENGINE=InnoDB DEFAULT CHARSET=utf8 COMMENT='页面';
/*!40101 SET character_set_client = @saved_cs_client */;

--
-- Dumping data for table `RAP_META_PAGE`
--

LOCK TABLES `RAP_META_PAGE` WRITE;
/*!40000 ALTER TABLE `RAP_META_PAGE` DISABLE KEYS */;
/*!40000 ALTER TABLE `RAP_META_PAGE` ENABLE KEYS */;
UNLOCK TABLES;

--
-- Table structure for table `RAP_META_PAGE_ACTION`
--

DROP TABLE IF EXISTS `RAP_META_PAGE_ACTION`;
/*!40101 SET @saved_cs_client     = @@character_set_client */;
/*!40101 SET character_set_client = utf8 */;
CREATE TABLE `RAP_META_PAGE_ACTION` (
  `PAGE_ID` int(11) DEFAULT NULL COMMENT '页面主键',
  `ACTION_ID` int(11) DEFAULT NULL COMMENT '视图操作主键',
  `ACTION_TYPE` varchar(20) DEFAULT NULL COMMENT '操作类型',
  `NAV_TARGET` varchar(40) DEFAULT NULL COMMENT '导航目标',
  `CREATED_BY` int(11) DEFAULT NULL COMMENT 'CREATED_BY',
  `CREATION_DATE` datetime DEFAULT NULL COMMENT 'CREATION_DATE',
  `LAST_UPDATE_DATE` datetime DEFAULT NULL COMMENT 'LAST_UPDATE_DATE',
  `LAST_UPDATED_BY` int(11) DEFAULT NULL COMMENT 'LAST_UPDATED_BY'
) ENGINE=InnoDB DEFAULT CHARSET=utf8 COMMENT='页面操作';
/*!40101 SET character_set_client = @saved_cs_client */;

--
-- Dumping data for table `RAP_META_PAGE_ACTION`
--

LOCK TABLES `RAP_META_PAGE_ACTION` WRITE;
/*!40000 ALTER TABLE `RAP_META_PAGE_ACTION` DISABLE KEYS */;
/*!40000 ALTER TABLE `RAP_META_PAGE_ACTION` ENABLE KEYS */;
UNLOCK TABLES;

--
-- Table structure for table `RAP_META_VIEW_FIELD`
--

DROP TABLE IF EXISTS `RAP_META_VIEW_FIELD`;
/*!40101 SET @saved_cs_client     = @@character_set_client */;
/*!40101 SET character_set_client = utf8 */;
CREATE TABLE `RAP_META_VIEW_FIELD` (
  `FIELD_ID` int(11) NOT NULL AUTO_INCREMENT COMMENT '视图对象字段主键',
  `VIEW_OBJECT_ID` int(11) DEFAULT NULL COMMENT '视图对象主键',
  `FIELD_NAME` varchar(200) NOT NULL COMMENT '视图对象字段名称',
  `FIELD_CODE` varchar(200) NOT NULL COMMENT '视图对象字段代码',
  `FIELD_ALIAS` varchar(200) DEFAULT NULL,
  `CREATION_DATE` datetime DEFAULT NULL COMMENT 'CREATION_DATE',
  `LAST_UPDATE_DATE` datetime DEFAULT NULL COMMENT 'LAST_UPDATE_DATE',
  `LAST_UPDATED_BY` int(11) DEFAULT NULL COMMENT 'LAST_UPDATED_BY',
  `CREATED_BY` int(11) DEFAULT NULL COMMENT 'CREATED_BY',
  `KEY_FIELD` varchar(10) DEFAULT '0',
  `REQUIRED` varchar(10) DEFAULT '0',
  `UNIQ` varchar(10) DEFAULT '0',
  `FIELD_LENGTH` int(11) DEFAULT NULL,
  `FIELD_PRECISION` int(11) DEFAULT NULL,
  `FIELD_TYPE` varchar(20) DEFAULT NULL,
  `DATA_TYPE` varchar(20) DEFAULT NULL,
  `GENERATOR` varchar(40) DEFAULT 'INPUT',
  `GENERATOR_PARAM` varchar(200) DEFAULT NULL,
  PRIMARY KEY (`FIELD_ID`)
) ENGINE=InnoDB AUTO_INCREMENT=8 DEFAULT CHARSET=utf8 COMMENT='视图对象字段';
/*!40101 SET character_set_client = @saved_cs_client */;

--
-- Dumping data for table `RAP_META_VIEW_FIELD`
--

LOCK TABLES `RAP_META_VIEW_FIELD` WRITE;
/*!40000 ALTER TABLE `RAP_META_VIEW_FIELD` DISABLE KEYS */;
INSERT INTO `RAP_META_VIEW_FIELD` VALUES (1,1,'名称','LOV_NAME','lovName',NULL,NULL,NULL,NULL,'0','1','1',200,NULL,'TABLE_COLUMN','VARCHAR','INPUT',NULL),(2,1,'代码','LOV_CODE','lovCode',NULL,NULL,NULL,NULL,'1','1','1',200,NULL,'TABLE_COLUMN','VARCHAR','INPUT',NULL),(3,1,'创建人ID','CREATED_BY','createdBy',NULL,NULL,NULL,NULL,'0','0','0',NULL,NULL,'TABLE_COLUMN','INTEGER','INPUT',NULL),(4,1,'创建日期','CREATION_DATE','creationDate',NULL,NULL,NULL,NULL,'0','0','0',NULL,NULL,'TABLE_COLUMN','DATE','INPUT',NULL),(5,1,'最后修改人','LAST_UPDATED_BY','lastUpdatedBy',NULL,NULL,NULL,NULL,'0','0','0',NULL,NULL,'TABLE_COLUMN','INTEGER','INPUT',NULL),(7,1,'最后修改时间','LAST_UPDATE_DATE','lastUpdateDate',NULL,NULL,NULL,NULL,'0','0','0',0,NULL,'TABLE_COLUMN','DATE','INPUT',NULL);
/*!40000 ALTER TABLE `RAP_META_VIEW_FIELD` ENABLE KEYS */;
UNLOCK TABLES;

--
-- Table structure for table `RAP_META_VIEW_FIELD_PROP`
--

DROP TABLE IF EXISTS `RAP_META_VIEW_FIELD_PROP`;
/*!40101 SET @saved_cs_client     = @@character_set_client */;
/*!40101 SET character_set_client = utf8 */;
CREATE TABLE `RAP_META_VIEW_FIELD_PROP` (
  `FIELD_ID` int(11) DEFAULT NULL COMMENT '视图对象字段主键',
  `CODE` varchar(40) NOT NULL COMMENT '属性代码',
  `VALUE` varchar(400) DEFAULT NULL COMMENT '属性值',
  `CREATED_BY` int(11) DEFAULT NULL COMMENT 'CREATED_BY',
  `CREATION_DATE` datetime DEFAULT NULL COMMENT 'CREATION_DATE',
  `LAST_UPDATE_DATE` datetime DEFAULT NULL COMMENT 'LAST_UPDATE_DATE',
  `LAST_UPDATED_BY` int(11) DEFAULT NULL COMMENT 'LAST_UPDATED_BY'
) ENGINE=InnoDB DEFAULT CHARSET=utf8 COMMENT='字段属性';
/*!40101 SET character_set_client = @saved_cs_client */;

--
-- Dumping data for table `RAP_META_VIEW_FIELD_PROP`
--

LOCK TABLES `RAP_META_VIEW_FIELD_PROP` WRITE;
/*!40000 ALTER TABLE `RAP_META_VIEW_FIELD_PROP` DISABLE KEYS */;
INSERT INTO `RAP_META_VIEW_FIELD_PROP` VALUES (2,'REQUIRED','Y',NULL,NULL,NULL,NULL),(2,'UNIQ','Y',NULL,NULL,NULL,NULL),(1,'REQUIRED','Y',NULL,NULL,NULL,NULL);
/*!40000 ALTER TABLE `RAP_META_VIEW_FIELD_PROP` ENABLE KEYS */;
UNLOCK TABLES;

--
-- Table structure for table `RAP_META_VIEW_LINK`
--

DROP TABLE IF EXISTS `RAP_META_VIEW_LINK`;
/*!40101 SET @saved_cs_client     = @@character_set_client */;
/*!40101 SET character_set_client = utf8 */;
CREATE TABLE `RAP_META_VIEW_LINK` (
  `VIEW_LINK_ID` int(11) NOT NULL AUTO_INCREMENT COMMENT '视图对象链接主键',
  `VIEW_OBJECT_ID` int(11) DEFAULT NULL COMMENT '视图对象主键',
  `RAP_VIEW_OBJECT_ID` int(11) DEFAULT NULL COMMENT '视图对_视图对象主键',
  `VIEW_LINK_NAME` varchar(200) DEFAULT NULL COMMENT '视图对象连接名称',
  `VIEW_LINK_CODE` varchar(200) DEFAULT NULL COMMENT '视图对象连接代码',
  `CREATED_BY` int(11) DEFAULT NULL COMMENT 'CREATED_BY',
  `CREATION_DATE` datetime DEFAULT NULL COMMENT 'CREATION_DATE',
  `LAST_UPDATE_DATE` datetime DEFAULT NULL COMMENT 'LAST_UPDATE_DATE',
  `LAST_UPDATED_BY` int(11) DEFAULT NULL COMMENT 'LAST_UPDATED_BY',
  PRIMARY KEY (`VIEW_LINK_ID`)
) ENGINE=InnoDB DEFAULT CHARSET=utf8 COMMENT='视图对象链接？';
/*!40101 SET character_set_client = @saved_cs_client */;

--
-- Dumping data for table `RAP_META_VIEW_LINK`
--

LOCK TABLES `RAP_META_VIEW_LINK` WRITE;
/*!40000 ALTER TABLE `RAP_META_VIEW_LINK` DISABLE KEYS */;
/*!40000 ALTER TABLE `RAP_META_VIEW_LINK` ENABLE KEYS */;
UNLOCK TABLES;

--
-- Table structure for table `RAP_META_VIEW_OBJECT`
--

DROP TABLE IF EXISTS `RAP_META_VIEW_OBJECT`;
/*!40101 SET @saved_cs_client     = @@character_set_client */;
/*!40101 SET character_set_client = utf8 */;
CREATE TABLE `RAP_META_VIEW_OBJECT` (
  `VIEW_OBJECT_ID` int(11) NOT NULL AUTO_INCREMENT COMMENT '视图对象主键',
  `APP_ID` int(11) DEFAULT NULL COMMENT '应用程序主键',
  `OBJECT_CODE` varchar(200) NOT NULL COMMENT '视图对象代码',
  `OBJECT_SQL` text DEFAULT NULL COMMENT 'SQL语句',
  `CREATED_BY` int(11) DEFAULT NULL COMMENT 'CREATED_BY',
  `CREATION_DATE` datetime DEFAULT NULL COMMENT 'CREATION_DATE',
  `LAST_UPDATE_DATE` datetime DEFAULT NULL COMMENT 'LAST_UPDATE_DATE',
  `LAST_UPDATED_BY` int(11) DEFAULT NULL COMMENT 'LAST_UPDATED_BY',
  `OBJECT_NAME` varchar(200) NOT NULL COMMENT '视图对象名称',
  `TABLE_NAME` varchar(200) DEFAULT NULL,
  `TABLE_CODE` varchar(200) DEFAULT NULL,
  PRIMARY KEY (`VIEW_OBJECT_ID`)
) ENGINE=InnoDB AUTO_INCREMENT=2 DEFAULT CHARSET=utf8 COMMENT='视图对象';
/*!40101 SET character_set_client = @saved_cs_client */;

--
-- Dumping data for table `RAP_META_VIEW_OBJECT`
--

LOCK TABLES `RAP_META_VIEW_OBJECT` WRITE;
/*!40000 ALTER TABLE `RAP_META_VIEW_OBJECT` DISABLE KEYS */;
INSERT INTO `RAP_META_VIEW_OBJECT` VALUES (1,1,'RAP_LOV','select * from RAP_LOV where 1=1 <#if lovCode??>and lov_code=:lovCode </#if>',NULL,NULL,NULL,NULL,'值列表','值列表','RAP_LOV');
/*!40000 ALTER TABLE `RAP_META_VIEW_OBJECT` ENABLE KEYS */;
UNLOCK TABLES;

--
-- Table structure for table `RAP_RESOURCE`
--

DROP TABLE IF EXISTS `RAP_RESOURCE`;
/*!40101 SET @saved_cs_client     = @@character_set_client */;
/*!40101 SET character_set_client = utf8 */;
CREATE TABLE `RAP_RESOURCE` (
  `RESOURCE_ID` int(11) NOT NULL AUTO_INCREMENT COMMENT '主键',
  `NAME` varchar(40) NOT NULL COMMENT '资源名称',
  `CODE` varchar(40) NOT NULL COMMENT '代码',
  `TYPE` varchar(20) DEFAULT NULL COMMENT '类型',
  `URL` varchar(400) DEFAULT NULL COMMENT 'URL',
  `MEMO` varchar(400) DEFAULT NULL COMMENT '备注',
  `CREATED_BY` int(11) DEFAULT NULL COMMENT 'CREATED_BY',
  `CREATION_DATE` datetime DEFAULT NULL COMMENT 'CREATION_DATE',
  `LAST_UPDATE_DATE` datetime DEFAULT NULL COMMENT 'LAST_UPDATE_DATE',
  `LAST_UPDATED_BY` int(11) DEFAULT NULL COMMENT 'LAST_UPDATED_BY',
  PRIMARY KEY (`RESOURCE_ID`),
  KEY `AK_RAP_RESOURCE_CODE` (`CODE`)
) ENGINE=InnoDB AUTO_INCREMENT=13 DEFAULT CHARSET=utf8 COMMENT='资源';
/*!40101 SET character_set_client = @saved_cs_client */;

--
-- Dumping data for table `RAP_RESOURCE`
--

LOCK TABLES `RAP_RESOURCE` WRITE;
/*!40000 ALTER TABLE `RAP_RESOURCE` DISABLE KEYS */;
INSERT INTO `RAP_RESOURCE` VALUES (1,'用户-查看','User:view',NULL,NULL,NULL,NULL,NULL,NULL,NULL),(2,'用户-编辑','User:edit',NULL,NULL,NULL,NULL,NULL,NULL,NULL),(3,'用户-删除','User:delete',NULL,NULL,NULL,NULL,NULL,NULL,NULL),(4,'用户-新建','User:add',NULL,NULL,NULL,NULL,NULL,NULL,NULL),(5,'角色-查看','Role:view',NULL,NULL,NULL,NULL,NULL,NULL,NULL),(6,'角色-编辑','Role:edit',NULL,NULL,NULL,NULL,NULL,NULL,NULL),(7,'角色-删除','Role:delete',NULL,NULL,NULL,NULL,NULL,NULL,NULL),(8,'角色-新建','Role:add',NULL,NULL,NULL,NULL,NULL,NULL,NULL),(9,'资源-查看','Resource:view',NULL,NULL,NULL,NULL,NULL,NULL,NULL),(10,'资源-编辑','Resource:edit',NULL,NULL,NULL,NULL,NULL,NULL,NULL),(11,'资源-新建','Resource:add',NULL,NULL,NULL,NULL,NULL,NULL,NULL),(12,'资源-删除','Resource:delete',NULL,NULL,NULL,NULL,NULL,NULL,NULL);
/*!40000 ALTER TABLE `RAP_RESOURCE` ENABLE KEYS */;
UNLOCK TABLES;

--
-- Table structure for table `RAP_ROLE`
--

DROP TABLE IF EXISTS `RAP_ROLE`;
/*!40101 SET @saved_cs_client     = @@character_set_client */;
/*!40101 SET character_set_client = utf8 */;
CREATE TABLE `RAP_ROLE` (
  `ROLE_ID` int(11) NOT NULL AUTO_INCREMENT COMMENT '主键',
  `MEMO` varchar(400) DEFAULT NULL COMMENT '备注',
  `CODE` varchar(40) NOT NULL COMMENT '代码',
  `NAME` varchar(40) NOT NULL COMMENT '名称',
  `CREATED_BY` int(11) DEFAULT NULL COMMENT 'CREATED_BY',
  `CREATION_DATE` datetime DEFAULT NULL COMMENT 'CREATION_DATE',
  `LAST_UPDATE_DATE` datetime DEFAULT NULL COMMENT 'LAST_UPDATE_DATE',
  `LAST_UPDATED_BY` int(11) DEFAULT NULL COMMENT 'LAST_UPDATED_BY',
  PRIMARY KEY (`ROLE_ID`),
  KEY `AK_RAP_ROLE_CODE` (`CODE`)
) ENGINE=InnoDB AUTO_INCREMENT=3 DEFAULT CHARSET=utf8 COMMENT='角色';
/*!40101 SET character_set_client = @saved_cs_client */;

--
-- Dumping data for table `RAP_ROLE`
--

LOCK TABLES `RAP_ROLE` WRITE;
/*!40000 ALTER TABLE `RAP_ROLE` DISABLE KEYS */;
INSERT INTO `RAP_ROLE` VALUES (1,'系统管理员','Administrator','系统管理员',NULL,NULL,NULL,NULL),(2,NULL,'Test','测试角色',NULL,NULL,NULL,NULL);
/*!40000 ALTER TABLE `RAP_ROLE` ENABLE KEYS */;
UNLOCK TABLES;

--
-- Table structure for table `RAP_ROLE_RESOURCE`
--

DROP TABLE IF EXISTS `RAP_ROLE_RESOURCE`;
/*!40101 SET @saved_cs_client     = @@character_set_client */;
/*!40101 SET character_set_client = utf8 */;
CREATE TABLE `RAP_ROLE_RESOURCE` (
  `RESOURCE_ID` int(11) NOT NULL COMMENT '主键2',
  `ROLE_ID` int(11) NOT NULL COMMENT '主键',
  PRIMARY KEY (`RESOURCE_ID`,`ROLE_ID`)
) ENGINE=InnoDB DEFAULT CHARSET=utf8 COMMENT='角色资源';
/*!40101 SET character_set_client = @saved_cs_client */;

--
-- Dumping data for table `RAP_ROLE_RESOURCE`
--

LOCK TABLES `RAP_ROLE_RESOURCE` WRITE;
/*!40000 ALTER TABLE `RAP_ROLE_RESOURCE` DISABLE KEYS */;
INSERT INTO `RAP_ROLE_RESOURCE` VALUES (1,1),(2,1),(3,1),(4,1),(5,1),(6,1),(7,1),(8,1),(9,1),(10,1),(11,1),(12,1);
/*!40000 ALTER TABLE `RAP_ROLE_RESOURCE` ENABLE KEYS */;
UNLOCK TABLES;

--
-- Table structure for table `RAP_USER`
--

DROP TABLE IF EXISTS `RAP_USER`;
/*!40101 SET @saved_cs_client     = @@character_set_client */;
/*!40101 SET character_set_client = utf8 */;
CREATE TABLE `RAP_USER` (
  `USER_ID` int(11) NOT NULL AUTO_INCREMENT COMMENT '主键',
  `USERNAME` varchar(40) NOT NULL COMMENT '用户名',
  `PASSWORD` varchar(40) NOT NULL COMMENT '密码',
  `FULLNAME` varchar(40) NOT NULL COMMENT '姓名',
  `TEL` varchar(40) DEFAULT NULL COMMENT '电话',
  `BIRTHDAY` date DEFAULT NULL COMMENT '出生日期',
  `CREATED_BY` int(11) DEFAULT NULL COMMENT 'CREATED_BY',
  `CREATION_DATE` datetime DEFAULT NULL COMMENT 'CREATION_DATE',
  `LAST_UPDATE_DATE` datetime DEFAULT NULL COMMENT 'LAST_UPDATE_DATE',
  `LAST_UPDATED_BY` int(11) DEFAULT NULL COMMENT 'LAST_UPDATED_BY',
  `MEMO` varchar(400) DEFAULT NULL COMMENT '备注',
  PRIMARY KEY (`USER_ID`),
  KEY `AK_RAP_USER_USERNAME` (`USERNAME`)
) ENGINE=InnoDB AUTO_INCREMENT=25 DEFAULT CHARSET=utf8 COMMENT='用户';
/*!40101 SET character_set_client = @saved_cs_client */;

--
-- Dumping data for table `RAP_USER`
--

LOCK TABLES `RAP_USER` WRITE;
/*!40000 ALTER TABLE `RAP_USER` DISABLE KEYS */;
INSERT INTO `RAP_USER` VALUES (1,'admin','admin','管理员',NULL,'2018-08-29',NULL,NULL,NULL,NULL,NULL),(2,'aaa','password','aaa',NULL,'1979-01-18',NULL,NULL,NULL,NULL,NULL),(3,'aab','password','aab',NULL,'1979-01-01',NULL,NULL,NULL,NULL,NULL),(4,'xxxxx','padfsdf','bbb',NULL,NULL,NULL,NULL,NULL,NULL,NULL),(5,'xxxxx','padfsdf','fulfda',NULL,NULL,NULL,NULL,NULL,NULL,NULL),(6,'xxxxx','padfsdf','fulfda',NULL,NULL,NULL,NULL,NULL,NULL,NULL),(7,'xxxxx','padfsdf','fulfda',NULL,NULL,NULL,NULL,NULL,NULL,NULL),(8,'xxxxx','padfsdf','fulfda',NULL,NULL,NULL,NULL,NULL,NULL,NULL),(9,'xxxxx','padfsdf','fulfda',NULL,NULL,NULL,NULL,NULL,NULL,NULL),(10,'xxxxx','padfsdf','fulfda',NULL,NULL,NULL,NULL,NULL,NULL,NULL),(11,'xxxxx','padfsdf','fulfda',NULL,NULL,NULL,NULL,NULL,NULL,NULL),(12,'xxxxx','padfsdf','fulfda',NULL,NULL,NULL,NULL,NULL,NULL,NULL),(13,'xxxxx','padfsdf','fulfda',NULL,NULL,NULL,NULL,NULL,NULL,NULL),(14,'xxxxx','padfsdf','fulfda',NULL,NULL,NULL,NULL,NULL,NULL,NULL),(15,'xxxxx','padfsdf','fulfda',NULL,NULL,NULL,NULL,NULL,NULL,NULL),(16,'xxxxx','padfsdf','fulfda',NULL,NULL,NULL,NULL,NULL,NULL,NULL),(17,'xxxxx','padfsdf','fulfda',NULL,NULL,NULL,NULL,NULL,NULL,NULL),(18,'xxxxx','padfsdf','fulfda',NULL,NULL,NULL,NULL,NULL,NULL,NULL),(19,'xxxxx','padfsdf','fulfda',NULL,NULL,NULL,NULL,NULL,NULL,NULL),(20,'xxxxx','padfsdf','fulfda',NULL,NULL,NULL,NULL,NULL,NULL,NULL),(21,'xxxxx','padfsdf','fulfda',NULL,NULL,NULL,NULL,NULL,NULL,NULL),(22,'xxxxx','padfsdf','fulfda',NULL,NULL,NULL,NULL,NULL,NULL,NULL),(23,'xxxxx','padfsdf','fulfda',NULL,NULL,NULL,NULL,NULL,NULL,NULL),(24,'xxxxx','padfsdf','fulfda',NULL,NULL,NULL,NULL,NULL,NULL,NULL);
/*!40000 ALTER TABLE `RAP_USER` ENABLE KEYS */;
UNLOCK TABLES;

--
-- Table structure for table `RAP_USER_ROLE`
--

DROP TABLE IF EXISTS `RAP_USER_ROLE`;
/*!40101 SET @saved_cs_client     = @@character_set_client */;
/*!40101 SET character_set_client = utf8 */;
CREATE TABLE `RAP_USER_ROLE` (
  `USER_ID` int(11) NOT NULL COMMENT '主键',
  `ROLE_ID` int(11) NOT NULL COMMENT '主键2',
  PRIMARY KEY (`USER_ID`,`ROLE_ID`)
) ENGINE=InnoDB DEFAULT CHARSET=utf8 COMMENT='用户角色';
/*!40101 SET character_set_client = @saved_cs_client */;

--
-- Dumping data for table `RAP_USER_ROLE`
--

LOCK TABLES `RAP_USER_ROLE` WRITE;
/*!40000 ALTER TABLE `RAP_USER_ROLE` DISABLE KEYS */;
INSERT INTO `RAP_USER_ROLE` VALUES (1,1),(2,2),(3,2);
/*!40000 ALTER TABLE `RAP_USER_ROLE` ENABLE KEYS */;
UNLOCK TABLES;
/*!40103 SET TIME_ZONE=@OLD_TIME_ZONE */;

/*!40101 SET SQL_MODE=@OLD_SQL_MODE */;
/*!40014 SET FOREIGN_KEY_CHECKS=@OLD_FOREIGN_KEY_CHECKS */;
/*!40014 SET UNIQUE_CHECKS=@OLD_UNIQUE_CHECKS */;
/*!40101 SET CHARACTER_SET_CLIENT=@OLD_CHARACTER_SET_CLIENT */;
/*!40101 SET CHARACTER_SET_RESULTS=@OLD_CHARACTER_SET_RESULTS */;
/*!40101 SET COLLATION_CONNECTION=@OLD_COLLATION_CONNECTION */;
/*!40111 SET SQL_NOTES=@OLD_SQL_NOTES */;

-- Dump completed on 2018-10-17  8:05:45
