-- MySQL dump 10.16  Distrib 10.3.9-MariaDB, for debian-linux-gnu (x86_64)
--
-- Host: localhost    Database: rap
-- ------------------------------------------------------
-- Server version	10.3.9-MariaDB-1:10.3.9+maria~bionic

/*!40101 SET @OLD_CHARACTER_SET_CLIENT=@@CHARACTER_SET_CLIENT */;
/*!40101 SET @OLD_CHARACTER_SET_RESULTS=@@CHARACTER_SET_RESULTS */;
/*!40101 SET @OLD_COLLATION_CONNECTION=@@COLLATION_CONNECTION */;
/*!40101 SET NAMES utf8 */;
/*!40103 SET @OLD_TIME_ZONE=@@TIME_ZONE */;
/*!40103 SET TIME_ZONE='+00:00' */;
/*!40014 SET @OLD_UNIQUE_CHECKS=@@UNIQUE_CHECKS, UNIQUE_CHECKS=0 */;
/*!40014 SET @OLD_FOREIGN_KEY_CHECKS=@@FOREIGN_KEY_CHECKS, FOREIGN_KEY_CHECKS=0 */;
/*!40101 SET @OLD_SQL_MODE=@@SQL_MODE, SQL_MODE='NO_AUTO_VALUE_ON_ZERO' */;
/*!40111 SET @OLD_SQL_NOTES=@@SQL_NOTES, SQL_NOTES=0 */;

--
-- Table structure for table `RAP_DICT_TYPE`
--

DROP TABLE IF EXISTS `RAP_DICT_TYPE`;
/*!40101 SET @saved_cs_client     = @@character_set_client */;
/*!40101 SET character_set_client = utf8 */;
CREATE TABLE `RAP_DICT_TYPE` (
  `DICT_TYPE_ID` int(11) NOT NULL AUTO_INCREMENT COMMENT '主键',
  `NAME` varchar(40) NOT NULL COMMENT '分类名称',
  `CODE` varchar(40) NOT NULL COMMENT '分类代码',
  `MEMO` varchar(400) DEFAULT NULL COMMENT '备注',
  `CREATED_BY` int(11) DEFAULT NULL COMMENT 'CREATED_BY',
  `CREATION_DATE` datetime DEFAULT NULL COMMENT 'CREATION_DATE',
  `LAST_UPDATE_DATE` datetime DEFAULT NULL COMMENT 'LAST_UPDATE_DATE',
  `LAST_UPDATED_BY` int(11) DEFAULT NULL COMMENT 'LAST_UPDATED_BY',
  PRIMARY KEY (`DICT_TYPE_ID`),
  KEY `AK_RAP_DICT_TYPE_CODE` (`CODE`)
) ENGINE=InnoDB DEFAULT CHARSET=utf8 COMMENT='字典分类';
/*!40101 SET character_set_client = @saved_cs_client */;

--
-- Dumping data for table `RAP_DICT_TYPE`
--

LOCK TABLES `RAP_DICT_TYPE` WRITE;
/*!40000 ALTER TABLE `RAP_DICT_TYPE` DISABLE KEYS */;
/*!40000 ALTER TABLE `RAP_DICT_TYPE` ENABLE KEYS */;
UNLOCK TABLES;

--
-- Table structure for table `RAP_DICT_VALUE`
--

DROP TABLE IF EXISTS `RAP_DICT_VALUE`;
/*!40101 SET @saved_cs_client     = @@character_set_client */;
/*!40101 SET character_set_client = utf8 */;
CREATE TABLE `RAP_DICT_VALUE` (
  `DICT_VALUE_ID` int(11) NOT NULL AUTO_INCREMENT COMMENT '主键',
  `DICT_TYPE_ID` int(11) DEFAULT NULL COMMENT '主键2',
  `CODE` varchar(400) NOT NULL COMMENT '代码',
  `VALUE` varchar(400) NOT NULL COMMENT '值',
  `CREATED_BY` int(11) DEFAULT NULL COMMENT 'CREATED_BY',
  `CREATION_DATE` datetime DEFAULT NULL COMMENT 'CREATION_DATE',
  `LAST_UPDATE_DATE` datetime DEFAULT NULL COMMENT 'LAST_UPDATE_DATE',
  `LAST_UPDATED_BY` int(11) DEFAULT NULL COMMENT 'LAST_UPDATED_BY',
  `MEMO` varchar(400) DEFAULT NULL COMMENT '备注',
  PRIMARY KEY (`DICT_VALUE_ID`),
  KEY `AK_RAP_DICT_VALUE_CODE` (`DICT_VALUE_ID`,`CODE`)
) ENGINE=InnoDB DEFAULT CHARSET=utf8 COMMENT='字典值';
/*!40101 SET character_set_client = @saved_cs_client */;

--
-- Dumping data for table `RAP_DICT_VALUE`
--

LOCK TABLES `RAP_DICT_VALUE` WRITE;
/*!40000 ALTER TABLE `RAP_DICT_VALUE` DISABLE KEYS */;
/*!40000 ALTER TABLE `RAP_DICT_VALUE` ENABLE KEYS */;
UNLOCK TABLES;

--
-- Table structure for table `RAP_RESOURCE`
--

DROP TABLE IF EXISTS `RAP_RESOURCE`;
/*!40101 SET @saved_cs_client     = @@character_set_client */;
/*!40101 SET character_set_client = utf8 */;
CREATE TABLE `RAP_RESOURCE` (
  `RESOURCE_ID` int(11) NOT NULL AUTO_INCREMENT COMMENT '主键',
  `NAME` varchar(40) NOT NULL COMMENT '资源名称',
  `CODE` varchar(40) NOT NULL COMMENT '代码',
  `TYPE` varchar(20) DEFAULT NULL COMMENT '类型',
  `URL` varchar(400) DEFAULT NULL COMMENT 'URL',
  `MEMO` varchar(400) DEFAULT NULL COMMENT '备注',
  `CREATED_BY` int(11) DEFAULT NULL COMMENT 'CREATED_BY',
  `CREATION_DATE` datetime DEFAULT NULL COMMENT 'CREATION_DATE',
  `LAST_UPDATE_DATE` datetime DEFAULT NULL COMMENT 'LAST_UPDATE_DATE',
  `LAST_UPDATED_BY` int(11) DEFAULT NULL COMMENT 'LAST_UPDATED_BY',
  PRIMARY KEY (`RESOURCE_ID`),
  KEY `AK_RAP_RESOURCE_CODE` (`CODE`)
) ENGINE=InnoDB AUTO_INCREMENT=13 DEFAULT CHARSET=utf8 COMMENT='资源';
/*!40101 SET character_set_client = @saved_cs_client */;

--
-- Dumping data for table `RAP_RESOURCE`
--

LOCK TABLES `RAP_RESOURCE` WRITE;
/*!40000 ALTER TABLE `RAP_RESOURCE` DISABLE KEYS */;
INSERT INTO `RAP_RESOURCE` VALUES (1,'用户-查看','User:view',NULL,NULL,NULL,NULL,NULL,NULL,NULL),(2,'用户-编辑','User:edit',NULL,NULL,NULL,NULL,NULL,NULL,NULL),(3,'用户-删除','User:delete',NULL,NULL,NULL,NULL,NULL,NULL,NULL),(4,'用户-新建','User:add',NULL,NULL,NULL,NULL,NULL,NULL,NULL),(5,'角色-查看','Role:view',NULL,NULL,NULL,NULL,NULL,NULL,NULL),(6,'角色-编辑','Role:edit',NULL,NULL,NULL,NULL,NULL,NULL,NULL),(7,'角色-删除','Role:delete',NULL,NULL,NULL,NULL,NULL,NULL,NULL),(8,'角色-新建','Role:add',NULL,NULL,NULL,NULL,NULL,NULL,NULL),(9,'资源-查看','Resource:view',NULL,NULL,NULL,NULL,NULL,NULL,NULL),(10,'资源-编辑','Resource:edit',NULL,NULL,NULL,NULL,NULL,NULL,NULL),(11,'资源-新建','Resource:add',NULL,NULL,NULL,NULL,NULL,NULL,NULL),(12,'资源-删除','Resource:delete',NULL,NULL,NULL,NULL,NULL,NULL,NULL);
/*!40000 ALTER TABLE `RAP_RESOURCE` ENABLE KEYS */;
UNLOCK TABLES;

--
-- Table structure for table `RAP_ROLE`
--

DROP TABLE IF EXISTS `RAP_ROLE`;
/*!40101 SET @saved_cs_client     = @@character_set_client */;
/*!40101 SET character_set_client = utf8 */;
CREATE TABLE `RAP_ROLE` (
  `ROLE_ID` int(11) NOT NULL AUTO_INCREMENT COMMENT '主键',
  `MEMO` varchar(400) DEFAULT NULL COMMENT '备注',
  `CODE` varchar(40) NOT NULL COMMENT '代码',
  `NAME` varchar(40) NOT NULL COMMENT '名称',
  `CREATED_BY` int(11) DEFAULT NULL COMMENT 'CREATED_BY',
  `CREATION_DATE` datetime DEFAULT NULL COMMENT 'CREATION_DATE',
  `LAST_UPDATE_DATE` datetime DEFAULT NULL COMMENT 'LAST_UPDATE_DATE',
  `LAST_UPDATED_BY` int(11) DEFAULT NULL COMMENT 'LAST_UPDATED_BY',
  PRIMARY KEY (`ROLE_ID`),
  KEY `AK_RAP_ROLE_CODE` (`CODE`)
) ENGINE=InnoDB AUTO_INCREMENT=2 DEFAULT CHARSET=utf8 COMMENT='角色';
/*!40101 SET character_set_client = @saved_cs_client */;

--
-- Dumping data for table `RAP_ROLE`
--

LOCK TABLES `RAP_ROLE` WRITE;
/*!40000 ALTER TABLE `RAP_ROLE` DISABLE KEYS */;
INSERT INTO `RAP_ROLE` VALUES (1,'系统管理员','Administrator','系统管理员',NULL,NULL,NULL,NULL);
/*!40000 ALTER TABLE `RAP_ROLE` ENABLE KEYS */;
UNLOCK TABLES;

--
-- Table structure for table `RAP_ROLE_RESOURCE`
--

DROP TABLE IF EXISTS `RAP_ROLE_RESOURCE`;
/*!40101 SET @saved_cs_client     = @@character_set_client */;
/*!40101 SET character_set_client = utf8 */;
CREATE TABLE `RAP_ROLE_RESOURCE` (
  `RESOURCE_ID` int(11) NOT NULL COMMENT '主键2',
  `ROLE_ID` int(11) NOT NULL COMMENT '主键',
  PRIMARY KEY (`RESOURCE_ID`,`ROLE_ID`)
) ENGINE=InnoDB DEFAULT CHARSET=utf8 COMMENT='角色资源';
/*!40101 SET character_set_client = @saved_cs_client */;

--
-- Dumping data for table `RAP_ROLE_RESOURCE`
--

LOCK TABLES `RAP_ROLE_RESOURCE` WRITE;
/*!40000 ALTER TABLE `RAP_ROLE_RESOURCE` DISABLE KEYS */;
INSERT INTO `RAP_ROLE_RESOURCE` VALUES (1,1),(2,1),(3,1),(4,1),(5,1),(6,1),(7,1),(8,1),(9,1),(10,1),(11,1),(12,1);
/*!40000 ALTER TABLE `RAP_ROLE_RESOURCE` ENABLE KEYS */;
UNLOCK TABLES;

--
-- Table structure for table `RAP_USER`
--

DROP TABLE IF EXISTS `RAP_USER`;
/*!40101 SET @saved_cs_client     = @@character_set_client */;
/*!40101 SET character_set_client = utf8 */;
CREATE TABLE `RAP_USER` (
  `USER_ID` int(11) NOT NULL AUTO_INCREMENT COMMENT '主键',
  `USERNAME` varchar(40) NOT NULL COMMENT '用户名',
  `PASSWORD` varchar(40) NOT NULL COMMENT '密码',
  `FULLNAME` varchar(40) NOT NULL COMMENT '姓名',
  `TEL` varchar(40) DEFAULT NULL COMMENT '电话',
  `BIRTHDAY` date DEFAULT NULL COMMENT '出生日期',
  `CREATED_BY` int(11) DEFAULT NULL COMMENT 'CREATED_BY',
  `CREATION_DATE` datetime DEFAULT NULL COMMENT 'CREATION_DATE',
  `LAST_UPDATE_DATE` datetime DEFAULT NULL COMMENT 'LAST_UPDATE_DATE',
  `LAST_UPDATED_BY` int(11) DEFAULT NULL COMMENT 'LAST_UPDATED_BY',
  `MEMO` varchar(400) DEFAULT NULL COMMENT '备注',
  PRIMARY KEY (`USER_ID`),
  KEY `AK_RAP_USER_USERNAME` (`USERNAME`)
) ENGINE=InnoDB AUTO_INCREMENT=4 DEFAULT CHARSET=utf8 COMMENT='用户';
/*!40101 SET character_set_client = @saved_cs_client */;

--
-- Dumping data for table `RAP_USER`
--

LOCK TABLES `RAP_USER` WRITE;
/*!40000 ALTER TABLE `RAP_USER` DISABLE KEYS */;
INSERT INTO `RAP_USER` VALUES (1,'admin','admin','管理员',NULL,'2018-08-29',NULL,NULL,NULL,NULL,NULL),(2,'aaa','password','aaa',NULL,'1979-01-18',NULL,NULL,NULL,NULL,NULL),(3,'aab','password','aab',NULL,'1979-01-01',NULL,NULL,NULL,NULL,NULL);
/*!40000 ALTER TABLE `RAP_USER` ENABLE KEYS */;
UNLOCK TABLES;

--
-- Table structure for table `RAP_USER_ROLE`
--

DROP TABLE IF EXISTS `RAP_USER_ROLE`;
/*!40101 SET @saved_cs_client     = @@character_set_client */;
/*!40101 SET character_set_client = utf8 */;
CREATE TABLE `RAP_USER_ROLE` (
  `USER_ID` int(11) NOT NULL COMMENT '主键',
  `ROLE_ID` int(11) NOT NULL COMMENT '主键2',
  PRIMARY KEY (`USER_ID`,`ROLE_ID`)
) ENGINE=InnoDB DEFAULT CHARSET=utf8 COMMENT='用户角色';
/*!40101 SET character_set_client = @saved_cs_client */;

--
-- Dumping data for table `RAP_USER_ROLE`
--

LOCK TABLES `RAP_USER_ROLE` WRITE;
/*!40000 ALTER TABLE `RAP_USER_ROLE` DISABLE KEYS */;
INSERT INTO `RAP_USER_ROLE` VALUES (1,1);
/*!40000 ALTER TABLE `RAP_USER_ROLE` ENABLE KEYS */;
UNLOCK TABLES;
/*!40103 SET TIME_ZONE=@OLD_TIME_ZONE */;

/*!40101 SET SQL_MODE=@OLD_SQL_MODE */;
/*!40014 SET FOREIGN_KEY_CHECKS=@OLD_FOREIGN_KEY_CHECKS */;
/*!40014 SET UNIQUE_CHECKS=@OLD_UNIQUE_CHECKS */;
/*!40101 SET CHARACTER_SET_CLIENT=@OLD_CHARACTER_SET_CLIENT */;
/*!40101 SET CHARACTER_SET_RESULTS=@OLD_CHARACTER_SET_RESULTS */;
/*!40101 SET COLLATION_CONNECTION=@OLD_COLLATION_CONNECTION */;
/*!40111 SET SQL_NOTES=@OLD_SQL_NOTES */;

-- Dump completed on 2018-08-29  6:01:57
